first_name,country,gender,job title
Ashley,Thailand,Female,Senior Editor
Joseph,China,Male,Senior Financial Analyst
Kelly,China,Female,Accounting Assistant I
Annie,Greece,Female,Senior Developer
Andrew,China,Male,Help Desk Technician
Timothy,China,Male,Accountant IV
Mark,Indonesia,Male,Accounting Assistant IV
Timothy,Nigeria,Male,Geologist I
Nicholas,China,Male,Payment Adjustment Coordinator
Joyce,Argentina,Female,Statistician IV
Juan,Mali,Male,Analyst Programmer
Stephanie,Philippines,Female,Senior Editor
Marilyn,Japan,Female,Senior Sales Associate
Louise,China,Female,Graphic Designer
Nicholas,Italy,Male,VP Sales
Debra,France,Female,Software Consultant
Charles,American Samoa,Male,Clinical Specialist
Charles,Benin,Male,Legal Assistant
Joe,Sweden,Male,Structural Analysis Engineer
Norma,Brazil,Female,Software Consultant
Marilyn,China,Female,Web Developer III
Gary,China,Male,Research Associate
Cynthia,Canada,Female,Director of Sales
Gregory,China,Male,Dental Hygienist
Steven,Mexico,Male,Internal Auditor
Patricia,Uzbekistan,Female,Analog Circuit Design manager
Kathy,Madagascar,Female,Nuclear Power Engineer
Victor,Greece,Male,Electrical Engineer
Christina,China,Female,Design Engineer
Sara,Norway,Female,Tax Accountant
Dennis,Ireland,Male,VP Product Management
Aaron,Argentina,Male,Help Desk Operator
Sarah,Philippines,Female,Sales Representative
Jesse,Cameroon,Male,Sales Associate
Andrew,El Salvador,Male,Research Assistant III
Joan,Portugal,Female,Librarian
Kenneth,Finland,Male,Professor
Arthur,Georgia,Male,Web Designer II
Donald,Indonesia,Male,Geological Engineer
Irene,Slovenia,Female,Systems Administrator I
Mary,Russia,Female,Marketing Manager
Beverly,United States,Female,Operator
Debra,Uganda,Female,Software Test Engineer II
Daniel,Chile,Male,VP Sales
David,Czech Republic,Male,Media Manager IV
Joseph,Ghana,Male,Geologist I
Jonathan,Philippines,Male,Analyst Programmer
Billy,Afghanistan,Male,Civil Engineer
Joshua,Indonesia,Male,Operator
Tina,Greece,Female,Help Desk Technician
Kimberly,France,Female,VP Sales
Gerald,Portugal,Male,Software Engineer IV
Timothy,China,Male,Help Desk Operator
Julia,China,Female,Editor
Raymond,United States,Male,Senior Developer
Susan,Dominican Republic,Female,Financial Analyst
Fred,China,Male,Health Coach IV
Paul,Bulgaria,Male,Senior Financial Analyst
Phyllis,United States,Female,Chemical Engineer
Billy,Nicaragua,Male,Paralegal
Donna,Japan,Female,Structural Engineer
Michelle,South Sudan,Female,Geological Engineer
Joe,Russia,Male,Legal Assistant
Kathy,France,Female,Chief Design Engineer
Harold,Philippines,Male,VP Product Management
Douglas,Greece,Male,Quality Engineer
Fred,Thailand,Male,Help Desk Technician
Chris,France,Male,Chemical Engineer
Raymond,Indonesia,Male,Quality Engineer
Laura,Antigua and Barbuda,Female,Marketing Manager
Diane,Kenya,Female,Librarian
David,Portugal,Male,Geologist I
Bobby,China,Male,Registered Nurse
George,Portugal,Male,Nurse
Martin,Poland,Male,Community Outreach Specialist
Gerald,China,Male,Senior Cost Accountant
Kathy,Argentina,Female,Safety Technician I
Bruce,Guatemala,Male,Assistant Media Planner
Scott,Mauritius,Male,Nurse Practicioner
Gregory,China,Male,Food Chemist
Eric,China,Male,Structural Engineer
Judith,Russia,Female,Data Coordiator
Peter,Honduras,Male,Speech Pathologist
Philip,China,Male,Chief Design Engineer
Todd,Lithuania,Male,Health Coach I
Paul,Indonesia,Male,Geological Engineer
Christopher,Mexico,Male,Analog Circuit Design manager
Roger,Sweden,Male,Accounting Assistant IV
Laura,Ukraine,Female,Assistant Professor
Rachel,Philippines,Female,Analyst Programmer
Anthony,Portugal,Male,Structural Analysis Engineer
Roger,Indonesia,Male,Marketing Manager
Harry,China,Male,Analyst Programmer
Roy,Philippines,Male,Programmer II
Rebecca,Russia,Female,Project Manager
Lisa,Brazil,Female,Structural Engineer
Catherine,Japan,Female,Payment Adjustment Coordinator
Maria,Indonesia,Female,Food Chemist
Lillian,Norway,Female,Analyst Programmer
Brenda,Portugal,Female,Health Coach III
Susan,Mexico,Female,Research Assistant IV
Kevin,Sierra Leone,Male,Technical Writer
Cheryl,Cambodia,Female,Accountant IV
Theresa,Samoa,Female,Financial Analyst
Walter,Portugal,Male,Teacher
Robert,France,Male,Nurse Practicioner
Irene,China,Female,Human Resources Manager
Virginia,China,Female,Technical Writer
Douglas,United States,Male,Research Associate
Steve,China,Male,Financial Advisor
Adam,Portugal,Male,Engineer III
Laura,Czech Republic,Female,Actuary
Victor,Brazil,Male,Geological Engineer
Rachel,Brazil,Female,Project Manager
Debra,Israel,Female,Account Representative IV
Deborah,China,Female,Social Worker
Jonathan,Indonesia,Male,Engineer I
Peter,Indonesia,Male,Software Engineer I
Paul,Sweden,Male,Human Resources Manager
Nancy,Philippines,Female,Librarian
Ronald,Indonesia,Male,Actuary
Kelly,Indonesia,Female,Software Engineer IV
Jessica,Germany,Female,Account Coordinator
Patrick,Indonesia,Male,Compensation Analyst
Bonnie,Gabon,Female,GIS Technical Architect
Anna,United States,Female,Geologist III
Ryan,Nigeria,Male,Health Coach II
Judith,Philippines,Female,Research Nurse
Martha,Colombia,Female,Occupational Therapist
Jonathan,Indonesia,Male,Nurse
Rachel,China,Female,Environmental Tech
Douglas,Philippines,Male,Occupational Therapist
Louise,Philippines,Female,Quality Control Specialist
Amy,Serbia,Female,Director of Sales
Ruth,Indonesia,Female,Geologist IV
Ryan,Indonesia,Male,Chief Design Engineer
Marilyn,Russia,Female,VP Quality Control
Jerry,United States,Male,Design Engineer
Annie,Macedonia,Female,General Manager
Barbara,Philippines,Female,Physical Therapy Assistant
Jennifer,Greece,Female,Web Developer II
Timothy,Indonesia,Male,Senior Developer
Johnny,Ireland,Male,Information Systems Manager
Phyllis,China,Female,Editor
Bruce,Malaysia,Male,Structural Engineer
Carl,Russia,Male,Biostatistician III
Kimberly,Japan,Female,Product Engineer
Janice,Ecuador,Female,Teacher
Anthony,Indonesia,Male,Electrical Engineer
Paula,Afghanistan,Female,Technical Writer
Anthony,Philippines,Male,Nurse Practicioner
Catherine,Russia,Female,VP Accounting
Christopher,France,Male,Account Coordinator
Robin,Indonesia,Female,Mechanical Systems Engineer
Amy,Botswana,Female,Media Manager IV
Gerald,China,Male,Electrical Engineer
Cheryl,China,Female,Business Systems Development Analyst
Marilyn,Nigeria,Female,Actuary
Tina,China,Female,Biostatistician I
Joyce,Egypt,Female,Mechanical Systems Engineer
Rose,Sweden,Female,Sales Associate
Fred,Denmark,Male,Administrative Assistant III
Donna,China,Female,Assistant Professor
Catherine,Malaysia,Female,Legal Assistant
Shawn,China,Male,Staff Accountant II
Martin,Finland,Male,Tax Accountant
Rose,Greece,Female,Accountant I
Melissa,Venezuela,Female,Compensation Analyst
John,Peru,Male,Associate Professor
Justin,Poland,Male,Administrative Assistant I
Paul,Indonesia,Male,Mechanical Systems Engineer
Samuel,Poland,Male,Account Executive
Ernest,Mongolia,Male,Sales Associate
Michelle,Philippines,Female,Senior Developer
Charles,China,Male,Senior Sales Associate
Aaron,Norway,Male,Occupational Therapist
Roger,Sweden,Male,Developer IV
Angela,Japan,Female,Payment Adjustment Coordinator
Richard,Ukraine,Male,Engineer II
Joseph,United States,Male,Occupational Therapist
Pamela,Indonesia,Female,Computer Systems Analyst III
Ashley,Indonesia,Female,Media Manager III
Scott,Palestinian Territory,Male,Office Assistant II
Benjamin,France,Male,Safety Technician I
Clarence,China,Male,Legal Assistant
Jeffrey,China,Male,Cost Accountant
Antonio,Russia,Male,General Manager
Ralph,Poland,Male,Paralegal
Marilyn,France,Female,Graphic Designer
Anna,United States,Female,Senior Quality Engineer
Roy,Colombia,Male,Administrative Assistant I
Tammy,Botswana,Female,Mechanical Systems Engineer
Helen,China,Female,Product Engineer
Elizabeth,United States,Female,Software Engineer I
Larry,China,Male,Actuary
Karen,China,Female,Mechanical Systems Engineer
Clarence,Ecuador,Male,Recruiting Manager
Eric,Sweden,Male,Analog Circuit Design manager
Lawrence,Mexico,Male,Librarian
Nicholas,Japan,Male,Quality Engineer
Donna,China,Female,Cost Accountant
Daniel,Indonesia,Male,Cost Accountant
Kimberly,Indonesia,Female,Financial Advisor
Karen,Indonesia,Female,Professor
Denise,China,Female,Recruiting Manager
Bonnie,Russia,Female,GIS Technical Architect
Anna,Costa Rica,Female,Web Developer II
Jessica,Indonesia,Female,Nurse
Richard,Philippines,Male,Administrative Officer
Doris,China,Female,Dental Hygienist
Mary,United States,Female,Structural Analysis Engineer
Katherine,Russia,Female,Design Engineer
George,Croatia,Male,Executive Secretary
Randy,China,Male,Health Coach III
Julia,Ukraine,Female,Civil Engineer
Ashley,Indonesia,Female,Account Coordinator
Roy,China,Male,GIS Technical Architect
Kathleen,Japan,Female,Speech Pathologist
Michelle,Canada,Female,Programmer I
Denise,France,Female,Electrical Engineer
Jeremy,Tanzania,Male,Desktop Support Technician
Louis,Brazil,Male,Tax Accountant
Eric,Portugal,Male,Junior Executive
Catherine,Ireland,Female,Office Assistant I
Douglas,China,Male,Director of Sales
Donald,Canada,Male,Engineer IV
Wanda,Ukraine,Female,Recruiter
Louise,Philippines,Female,Paralegal
Wayne,Kazakhstan,Male,VP Marketing
Albert,Sweden,Male,Administrative Officer
Donna,Yemen,Female,Cost Accountant
Benjamin,Kosovo,Male,Director of Sales
Jessica,Colombia,Female,Physical Therapy Assistant
Gregory,China,Male,Teacher
Nicholas,Japan,Male,Account Executive
Keith,Brazil,Male,Quality Engineer
Robin,Sweden,Female,Electrical Engineer
Rachel,Philippines,Female,Design Engineer
Christina,Indonesia,Female,Marketing Assistant
Catherine,China,Female,Senior Developer
Beverly,Indonesia,Female,Software Engineer II
Aaron,China,Male,Social Worker
Jeremy,Zimbabwe,Male,Physical Therapy Assistant
Jeffrey,Philippines,Male,Information Systems Manager
Kevin,Brazil,Male,Web Designer I
Kathryn,Uzbekistan,Female,Office Assistant II
George,Philippines,Male,Recruiter
Bruce,China,Male,Analyst Programmer
Joan,Norway,Female,Assistant Professor
Helen,Philippines,Female,Database Administrator III
Keith,Latvia,Male,Media Manager IV
Lisa,Indonesia,Female,Programmer IV
Harold,North Korea,Male,Help Desk Technician
Elizabeth,Russia,Female,Payment Adjustment Coordinator
Shirley,Portugal,Female,Tax Accountant
Maria,China,Female,Operator
Edward,Indonesia,Male,Tax Accountant
Lisa,South Korea,Female,Tax Accountant
Martin,Portugal,Male,Clinical Specialist
William,Ecuador,Male,Sales Representative
Jacqueline,Iran,Female,Project Manager
Craig,Bolivia,Male,Actuary
Cynthia,Central African Republic,Female,Environmental Specialist
Eugene,Afghanistan,Male,VP Sales
Paula,Indonesia,Female,Information Systems Manager
Dorothy,Germany,Female,Software Engineer II
Peter,China,Male,Compensation Analyst
David,Ireland,Male,Operator
Dorothy,Indonesia,Female,Senior Quality Engineer
Gary,China,Male,Account Executive
Rebecca,United States,Female,Graphic Designer
Catherine,Indonesia,Female,Desktop Support Technician
Sarah,Indonesia,Female,Associate Professor
Jane,China,Female,Web Designer III
Christina,Sweden,Female,GIS Technical Architect
Steven,China,Male,Tax Accountant
Mark,Indonesia,Male,Nuclear Power Engineer
Sandra,Portugal,Female,Recruiter
Terry,China,Male,Product Engineer
Jerry,France,Male,Human Resources Assistant II
Craig,China,Male,Assistant Manager
Denise,Portugal,Female,Recruiting Manager
Martha,Sweden,Female,Cost Accountant
Frances,Indonesia,Female,Librarian
Louise,Indonesia,Female,Financial Advisor
Carlos,China,Male,Safety Technician I
Ruth,Afghanistan,Female,Structural Engineer
Jose,China,Male,General Manager
Stephen,Luxembourg,Male,Statistician IV
Jerry,Japan,Male,Help Desk Operator
Peter,China,Male,Assistant Manager
Eric,Hungary,Male,Assistant Media Planner
Mildred,Ukraine,Female,VP Sales
Jonathan,China,Male,Electrical Engineer
Earl,Angola,Male,Geological Engineer
Mildred,Indonesia,Female,Staff Accountant III
Sara,France,Female,Quality Engineer
Lawrence,Paraguay,Male,Research Nurse
Heather,Poland,Female,Quality Engineer
Wanda,Greece,Female,Help Desk Technician
Sandra,Russia,Female,Social Worker
Norma,China,Female,Assistant Media Planner
Amanda,Brazil,Female,Dental Hygienist
Jeffrey,Portugal,Male,Nurse Practicioner
Keith,Nigeria,Male,Sales Representative
Deborah,Belarus,Female,Graphic Designer
Juan,China,Male,Assistant Professor
Teresa,Albania,Female,Engineer IV
Amy,China,Female,Software Test Engineer I
Marilyn,Morocco,Female,VP Product Management
Ernest,Indonesia,Male,Actuary
Jeffrey,Indonesia,Male,Account Executive
Christine,United States,Female,Marketing Manager
Randy,South Korea,Male,Social Worker
Carl,China,Male,Quality Control Specialist
Frances,China,Female,Dental Hygienist
Victor,Thailand,Male,Project Manager
Martha,Morocco,Female,Structural Engineer
Christina,Argentina,Female,Software Test Engineer III
Douglas,France,Male,Compensation Analyst
Donna,South Africa,Female,Structural Analysis Engineer
Melissa,Indonesia,Female,Database Administrator III
Rose,Albania,Female,Electrical Engineer
Jonathan,Ivory Coast,Male,VP Quality Control
Earl,United States,Male,Recruiting Manager
Jeremy,France,Male,Director of Sales
Shirley,Philippines,Female,Administrative Assistant I
Ann,Uruguay,Female,Actuary
Juan,Brazil,Male,Account Executive
Annie,Greece,Female,Speech Pathologist
Jimmy,China,Male,Project Manager
Dennis,Mexico,Male,Professor
Frances,Russia,Female,Food Chemist
Julia,Colombia,Female,Project Manager
Michelle,China,Female,Nuclear Power Engineer
Ryan,Russia,Male,Biostatistician II
Dorothy,Uganda,Female,Librarian
Johnny,Syria,Male,Help Desk Technician
Diane,Russia,Female,Financial Analyst
Alan,Indonesia,Male,VP Sales
Ryan,China,Male,Accounting Assistant II
Virginia,France,Female,Nurse
Kathleen,Russia,Female,Statistician II
Brian,Sweden,Male,Financial Advisor
Angela,Ireland,Female,Geological Engineer
Justin,Indonesia,Male,Senior Developer
Cynthia,Indonesia,Female,Financial Advisor
Janice,Spain,Female,Operator
Laura,Brazil,Female,Paralegal
Jean,Canada,Female,Paralegal
Chris,Bolivia,Male,Analog Circuit Design manager
Jean,China,Female,Safety Technician III
Andrea,Ukraine,Female,Analyst Programmer
Wayne,China,Male,VP Product Management
Stephanie,Sweden,Female,Senior Editor
Patrick,Cuba,Male,Senior Developer
Walter,Philippines,Male,Administrative Assistant III
Karen,China,Female,Product Engineer
Anne,Sweden,Female,VP Sales
Stephanie,China,Female,Staff Scientist
Lori,China,Female,Information Systems Manager
Christina,Cameroon,Female,Project Manager
Gregory,Bolivia,Male,VP Sales
Phyllis,Bulgaria,Female,Actuary
Victor,Indonesia,Male,General Manager
Ruth,Czech Republic,Female,Associate Professor
Roy,China,Male,Structural Analysis Engineer
Theresa,China,Female,Programmer Analyst II
Melissa,China,Female,Internal Auditor
Thomas,Poland,Male,Help Desk Technician
Ernest,Indonesia,Male,Account Representative II
Bonnie,China,Female,Senior Cost Accountant
Andrea,Philippines,Female,Web Designer I
Carolyn,Venezuela,Female,Human Resources Manager
Michelle,Sweden,Female,Financial Advisor
Ryan,France,Male,Marketing Manager
Stephen,Indonesia,Male,Assistant Professor
Ashley,Indonesia,Female,Software Test Engineer III
Antonio,Brazil,Male,Technical Writer
Ryan,Colombia,Male,Structural Engineer
Jacqueline,South Africa,Female,Teacher
Larry,Syria,Male,Research Assistant I
Edward,Portugal,Male,Director of Sales
Mary,Indonesia,Female,Environmental Tech
Judy,China,Female,Quality Engineer
Clarence,Colombia,Male,Structural Engineer
George,China,Male,Financial Analyst
Frank,Philippines,Male,Analyst Programmer
Mary,China,Female,General Manager
Mary,Argentina,Female,Marketing Assistant
Nicole,Portugal,Female,Product Engineer
Brandon,Thailand,Male,Graphic Designer
Ernest,Russia,Male,Teacher
Sandra,China,Female,Sales Representative
Terry,Finland,Male,Senior Sales Associate
Fred,Morocco,Male,Programmer IV
Irene,United States,Female,Recruiter
Louis,Argentina,Male,Web Developer IV
Evelyn,Peru,Female,Senior Sales Associate
Henry,Ukraine,Male,Associate Professor
James,France,Male,Registered Nurse
Russell,China,Male,Research Assistant I
Amanda,Netherlands,Female,General Manager
Phyllis,Portugal,Female,Senior Developer
Justin,United States,Male,VP Sales
Catherine,Russia,Female,Electrical Engineer
Harry,Indonesia,Male,Senior Editor
Margaret,Peru,Female,Recruiter
Irene,China,Female,Marketing Manager
Shirley,Philippines,Female,Dental Hygienist
Adam,Vietnam,Male,Marketing Assistant
Margaret,Bosnia and Herzegovina,Female,Clinical Specialist
Donna,Peru,Female,Help Desk Technician
Karen,France,Female,Recruiter
Richard,Colombia,Male,Geologist II
Mary,Tanzania,Female,Media Manager I
Jacqueline,Canada,Female,Design Engineer
Kevin,Philippines,Male,Senior Editor
Amy,Canada,Female,Human Resources Manager
Eugene,Portugal,Male,Engineer IV
Louis,Honduras,Male,Pharmacist
Steve,Uzbekistan,Male,Librarian
Katherine,Indonesia,Female,Analog Circuit Design manager
Adam,Indonesia,Male,Structural Analysis Engineer
Gary,Luxembourg,Male,Programmer IV
Virginia,Finland,Female,Web Designer III
Karen,China,Female,Media Manager II
Clarence,Sweden,Male,Office Assistant IV
Michael,Thailand,Male,Director of Sales
Roger,Vietnam,Male,Speech Pathologist
Joseph,Cuba,Male,Analyst Programmer
Bruce,Czech Republic,Male,Operator
Kathryn,Indonesia,Female,Electrical Engineer
Jimmy,Indonesia,Male,Food Chemist
Katherine,China,Female,VP Sales
Doris,Philippines,Female,Product Engineer
Ryan,South Africa,Male,Programmer III
Steve,China,Male,Structural Engineer
Jose,China,Male,Librarian
Gregory,Russia,Male,Analog Circuit Design manager
Angela,China,Female,Social Worker
Irene,South Africa,Female,Web Designer I
Roger,China,Male,Human Resources Manager
Janice,Vietnam,Female,Librarian
Amy,Japan,Female,Nuclear Power Engineer
Lori,China,Female,Developer II
Ronald,Myanmar,Male,Research Assistant II
Henry,Peru,Male,Financial Advisor
Irene,China,Female,Social Worker
Arthur,Sweden,Male,Programmer Analyst IV
Anna,China,Female,Graphic Designer
Amanda,France,Female,Design Engineer
Ronald,Brazil,Male,Senior Cost Accountant
Theresa,Sweden,Female,Assistant Professor
Matthew,Czech Republic,Male,Geological Engineer
Bobby,Bolivia,Male,Assistant Professor
Lori,Nigeria,Female,Registered Nurse
Willie,China,Male,Help Desk Technician
George,Argentina,Male,Human Resources Manager
Johnny,Ecuador,Male,Nurse
Sean,Tanzania,Male,Cost Accountant
Johnny,Armenia,Male,GIS Technical Architect
Amy,Brazil,Female,Electrical Engineer
Anne,Argentina,Female,Financial Advisor
Marilyn,China,Female,Programmer I
Justin,Russia,Male,Research Associate
Brandon,Japan,Male,Nurse
Jane,Croatia,Female,Research Assistant III
Christina,China,Female,Food Chemist
Philip,Croatia,Male,Account Executive
Justin,Colombia,Male,Social Worker
Ann,Ukraine,Female,Senior Editor
Fred,Azerbaijan,Male,Speech Pathologist
Gerald,Palestinian Territory,Male,Financial Analyst
Roger,Mexico,Male,Human Resources Assistant IV
Carlos,Chile,Male,Nurse
Raymond,France,Male,Sales Representative
Gerald,Mexico,Male,Human Resources Assistant IV
Paul,Dominican Republic,Male,VP Quality Control
Carl,South Korea,Male,Research Associate
Chris,Brazil,Male,Structural Engineer
Katherine,Canada,Female,Quality Engineer
Frank,Bulgaria,Male,Desktop Support Technician
Christina,Nigeria,Female,Structural Engineer
Ryan,Ireland,Male,Legal Assistant
Shawn,Argentina,Male,Community Outreach Specialist
Doris,China,Female,Administrative Assistant II
Steve,Morocco,Male,Desktop Support Technician
Marie,Ukraine,Female,Civil Engineer
Betty,Portugal,Female,Speech Pathologist
Craig,China,Male,Executive Secretary
Shawn,United States,Male,Sales Associate
Amanda,Bosnia and Herzegovina,Female,Recruiter
Billy,Indonesia,Male,Quality Control Specialist
Andrew,China,Male,Systems Administrator I
Bruce,Bulgaria,Male,Systems Administrator IV
Kelly,Portugal,Female,Project Manager
Kathleen,Nigeria,Female,Structural Analysis Engineer
Virginia,Philippines,Female,Web Developer II
Nancy,Portugal,Female,Director of Sales
John,New Zealand,Male,Software Engineer IV
Louise,Indonesia,Female,Electrical Engineer
Susan,China,Female,Human Resources Assistant II
Jesse,Uganda,Male,Information Systems Manager
Keith,Czech Republic,Male,Food Chemist
Norma,China,Female,VP Sales
Rachel,Brazil,Female,Information Systems Manager
Lawrence,South Africa,Male,Assistant Media Planner
Roger,South Africa,Male,Account Executive
Mary,South Korea,Female,Health Coach I
Ralph,Brazil,Male,Business Systems Development Analyst
Carol,Canada,Female,Office Assistant III
Christine,Portugal,Female,Chemical Engineer
Gloria,Poland,Female,Environmental Tech
Bobby,Cuba,Male,Senior Editor
Dorothy,China,Female,Cost Accountant
George,Mongolia,Male,Safety Technician III
Clarence,China,Male,Sales Associate
Peter,Indonesia,Male,Staff Scientist
Christine,Philippines,Female,Social Worker
Teresa,Syria,Female,Electrical Engineer
Raymond,China,Male,Data Coordiator
Albert,Serbia,Male,Social Worker
Alan,Ukraine,Male,Software Engineer II
Louis,Cameroon,Male,Graphic Designer
Fred,Peru,Male,VP Accounting
Benjamin,Peru,Male,Account Coordinator
Judy,Russia,Female,Social Worker
Craig,Philippines,Male,Tax Accountant
Samuel,Indonesia,Male,Nurse
Helen,Panama,Female,Senior Cost Accountant
Anna,China,Female,Web Designer I
Theresa,Portugal,Female,Systems Administrator IV
Craig,China,Male,Senior Sales Associate
Susan,Armenia,Female,Software Consultant
Albert,Indonesia,Male,Actuary
Ruth,Philippines,Female,Senior Developer
Amy,United States,Female,Cost Accountant
Bonnie,China,Female,Desktop Support Technician
Mary,Czech Republic,Female,Compensation Analyst
Linda,Czech Republic,Female,Internal Auditor
Kenneth,China,Male,Physical Therapy Assistant
Katherine,Canada,Female,Structural Analysis Engineer
Karen,Indonesia,Female,Human Resources Manager
Bonnie,Afghanistan,Female,Web Developer II
Cynthia,Indonesia,Female,Nurse
Beverly,Thailand,Female,Dental Hygienist
Heather,Colombia,Female,Automation Specialist IV
Pamela,Macedonia,Female,Marketing Assistant
Harold,Cyprus,Male,Media Manager II
Andrea,China,Female,Design Engineer
Julia,China,Female,Systems Administrator I
Sean,China,Male,Accounting Assistant II
Bonnie,China,Female,Clinical Specialist
James,China,Male,Executive Secretary
Aaron,China,Male,Software Consultant
Annie,United States,Female,Junior Executive
Margaret,China,Female,Analog Circuit Design manager
Carlos,Canada,Male,Accountant I
Christopher,Russia,Male,Financial Analyst
Sandra,China,Female,Data Coordiator
Patricia,Sweden,Female,Data Coordiator
Martha,Nigeria,Female,Information Systems Manager
Harry,Indonesia,Male,Project Manager
Carol,Indonesia,Female,Cost Accountant
Amanda,France,Female,Help Desk Operator
Brandon,Guatemala,Male,Staff Scientist
Lois,Philippines,Female,Social Worker
Gerald,Ireland,Male,Financial Analyst
Frank,Nigeria,Male,Administrative Officer
Tina,Portugal,Female,Recruiter
Sarah,Vietnam,Female,Software Consultant
Russell,Russia,Male,Editor
Craig,France,Male,Assistant Manager
Phillip,Russia,Male,Operator
Amy,Brazil,Female,Geological Engineer
Wanda,Philippines,Female,Executive Secretary
Steven,Portugal,Male,Staff Scientist
Anthony,France,Male,Financial Advisor
Anne,China,Female,Product Engineer
Frances,China,Female,Physical Therapy Assistant
Rachel,Poland,Female,Research Associate
Fred,Malaysia,Male,Safety Technician IV
Paul,Nicaragua,Male,Quality Engineer
Laura,Greece,Female,Mechanical Systems Engineer
Marie,South Africa,Female,Help Desk Operator
Brian,Democratic Republic of the Congo,Male,Accountant I
Bruce,China,Male,Software Consultant
Jonathan,Sweden,Male,Accounting Assistant IV
Deborah,Peru,Female,Engineer III
Ann,Russia,Female,Web Developer III
Bruce,Argentina,Male,Software Consultant
Katherine,Russia,Female,Business Systems Development Analyst
Carol,Russia,Female,Geologist IV
Stephanie,Czech Republic,Female,Design Engineer
Emily,Tunisia,Female,Food Chemist
Howard,Peru,Male,Accountant IV
Nicole,China,Female,Quality Engineer
Catherine,Brazil,Female,Payment Adjustment Coordinator
Denise,Honduras,Female,Graphic Designer
Christopher,China,Male,Chemical Engineer
Jeremy,China,Male,Developer I
Angela,Netherlands,Female,Information Systems Manager
Scott,Philippines,Male,Software Test Engineer I
Michelle,China,Female,Marketing Manager
Philip,China,Male,Cost Accountant
Diane,Greece,Female,Recruiting Manager
Ashley,Syria,Female,Accounting Assistant III
Bobby,China,Male,Software Test Engineer III
Denise,China,Female,Registered Nurse
George,Morocco,Male,Senior Editor
Joseph,Philippines,Male,Librarian
Rose,Belarus,Female,Senior Cost Accountant
Melissa,Canada,Female,Help Desk Technician
Carl,Greece,Male,Food Chemist
Martin,Poland,Male,Financial Analyst
Marie,Greece,Female,Teacher
Christopher,Armenia,Male,Systems Administrator III
Christine,Pakistan,Female,Automation Specialist IV
Justin,Brazil,Male,Clinical Specialist
Billy,Ecuador,Male,VP Sales
Kevin,Russia,Male,Sales Representative
Beverly,Liechtenstein,Female,Legal Assistant
Randy,China,Male,Data Coordiator
Denise,Slovenia,Female,Analyst Programmer
Martin,Indonesia,Male,Electrical Engineer
Daniel,Russia,Male,Statistician IV
Tina,China,Female,Design Engineer
Cynthia,Mauritania,Female,Assistant Manager
Cynthia,China,Female,Office Assistant IV
Nancy,Bahamas,Female,Assistant Professor
Albert,Portugal,Male,Software Consultant
Shawn,Philippines,Male,Environmental Tech
Ryan,China,Male,Director of Sales
Kathy,Philippines,Female,VP Product Management
Jesse,Portugal,Male,Staff Accountant IV
Jeffrey,Colombia,Male,Geological Engineer
Robert,Brazil,Male,Budget/Accounting Analyst II
Phillip,Bosnia and Herzegovina,Male,Nuclear Power Engineer
Randy,Argentina,Male,Software Engineer IV
Phillip,Lesotho,Male,Staff Accountant IV
Steve,Canada,Male,Health Coach IV
Judith,Afghanistan,Female,Analog Circuit Design manager
Robert,China,Male,Accountant IV
Jessica,Indonesia,Female,Actuary
Mary,United States,Female,Data Coordiator
Thomas,China,Male,Computer Systems Analyst III
Denise,Greece,Female,VP Sales
Rebecca,Armenia,Female,Internal Auditor
Kathryn,China,Female,Operator
Billy,Indonesia,Male,Database Administrator II
Cynthia,Portugal,Female,Paralegal
Evelyn,Mongolia,Female,Registered Nurse
Kevin,China,Male,Physical Therapy Assistant
Carol,Indonesia,Female,Safety Technician III
Lori,Haiti,Female,Speech Pathologist
Julie,Canada,Female,Legal Assistant
Deborah,Philippines,Female,Staff Accountant II
Antonio,Japan,Male,Environmental Specialist
Tina,Nauru,Female,Programmer I
Joe,Portugal,Male,Business Systems Development Analyst
Howard,Cuba,Male,Mechanical Systems Engineer
Jean,Philippines,Female,Dental Hygienist
Patricia,Russia,Female,Operator
Irene,Portugal,Female,Software Test Engineer II
Virginia,Ukraine,Female,Senior Quality Engineer
Sarah,Argentina,Female,Budget/Accounting Analyst II
Shawn,Cuba,Male,Sales Associate
Jessica,United States,Female,Graphic Designer
Margaret,Peru,Female,Graphic Designer
Kimberly,Thailand,Female,Actuary
Jennifer,United States,Female,Account Coordinator
Steve,Indonesia,Male,Legal Assistant
Shirley,China,Female,Research Nurse
Amanda,China,Female,Librarian
Bobby,Philippines,Male,Assistant Manager
Daniel,Poland,Male,Account Representative I
Mildred,Peru,Female,Occupational Therapist
Douglas,China,Male,Engineer IV
Douglas,Burkina Faso,Male,Marketing Manager
James,Russia,Male,VP Marketing
Walter,Paraguay,Male,Help Desk Operator
Antonio,China,Male,Assistant Manager
Stephen,Vietnam,Male,Environmental Tech
Susan,Russia,Female,Software Consultant
Linda,Mexico,Female,Environmental Specialist
Steve,China,Male,Staff Scientist
Bobby,Sweden,Male,Professor
John,Russia,Male,Software Test Engineer I
Steven,Portugal,Male,VP Marketing
Doris,Dominican Republic,Female,Account Coordinator
Evelyn,Indonesia,Female,Senior Quality Engineer
Ronald,China,Male,Nurse
Joe,Sweden,Male,Product Engineer
Philip,Libya,Male,Tax Accountant
James,United States,Male,Chief Design Engineer
Scott,Philippines,Male,Technical Writer
Benjamin,Chile,Male,Senior Quality Engineer
William,Indonesia,Male,Financial Analyst
Keith,Nepal,Male,Senior Developer
Julie,China,Female,Professor
Benjamin,Sweden,Male,Structural Engineer
Jeremy,Belarus,Male,Help Desk Technician
Christine,Russia,Female,Geologist III
Wayne,Indonesia,Male,Account Representative I
Ruth,China,Female,Marketing Assistant
Patrick,Russia,Male,Assistant Professor
Gary,China,Male,Research Nurse
Betty,Iran,Female,VP Product Management
Henry,Canada,Male,Analog Circuit Design manager
Lillian,Russia,Female,Product Engineer
Keith,China,Male,Structural Engineer
Evelyn,Thailand,Female,Speech Pathologist
Martin,Portugal,Male,Technical Writer
Jessica,Sweden,Female,Accounting Assistant III
Eugene,Vietnam,Male,Administrative Assistant II
Larry,China,Male,Executive Secretary
Sandra,Portugal,Female,Paralegal
Alan,China,Male,Administrative Officer
Karen,China,Female,Staff Scientist
George,Philippines,Male,Account Executive
Phillip,China,Male,Analyst Programmer
Victor,Kazakhstan,Male,Software Test Engineer I
Joe,China,Male,VP Accounting
Wanda,Indonesia,Female,Speech Pathologist
Martin,Sweden,Male,Senior Cost Accountant
Frank,Brazil,Male,Media Manager I
Amanda,Poland,Female,Quality Control Specialist
Steve,Indonesia,Male,VP Quality Control
Jose,Indonesia,Male,VP Sales
Carolyn,Philippines,Female,Electrical Engineer
Gloria,France,Female,Project Manager
Jeremy,Philippines,Male,Director of Sales
Diana,Brazil,Female,Financial Advisor
Frank,Solomon Islands,Male,Chief Design Engineer
Karen,China,Female,Computer Systems Analyst I
Mark,South Africa,Male,Help Desk Operator
Shirley,Peru,Female,Editor
Edward,Thailand,Male,Analyst Programmer
Eugene,Japan,Male,Social Worker
Charles,Nigeria,Male,Account Coordinator
Pamela,China,Female,Research Nurse
Alice,Mexico,Female,Research Nurse
Tammy,China,Female,Accounting Assistant IV
Marie,Greece,Female,Biostatistician II
Frank,Portugal,Male,Research Associate
Arthur,Finland,Male,Senior Quality Engineer
Teresa,China,Female,Internal Auditor
Amy,Egypt,Female,Account Executive
Rachel,China,Female,Account Representative III
Frances,Iran,Female,Accounting Assistant III
Teresa,China,Female,Operator
Andrea,China,Female,Office Assistant II
Johnny,Vietnam,Male,Web Developer III
Ruby,Cuba,Female,Executive Secretary
Jacqueline,China,Female,Media Manager II
Jonathan,Czech Republic,Male,Structural Engineer
Martin,Thailand,Male,Financial Analyst
Brandon,Zimbabwe,Male,Systems Administrator I
Margaret,Serbia,Female,Account Coordinator
Harold,China,Male,Quality Control Specialist
Martin,Philippines,Male,Mechanical Systems Engineer
Heather,Philippines,Female,Mechanical Systems Engineer
Wayne,China,Male,Nuclear Power Engineer
Sean,Finland,Male,Executive Secretary
Maria,Indonesia,Female,Web Designer II
Edward,Indonesia,Male,Recruiter
Brian,China,Male,Software Test Engineer I
Patricia,China,Female,Recruiter
Janet,Portugal,Female,Dental Hygienist
Angela,China,Female,Recruiter
Janet,Azerbaijan,Female,Research Associate
Raymond,China,Male,Chief Design Engineer
Randy,Indonesia,Male,Computer Systems Analyst I
Marilyn,Tanzania,Female,Account Representative II
Teresa,United States,Female,Dental Hygienist
Sean,Indonesia,Male,VP Quality Control
Chris,Canada,Male,Data Coordiator
Julia,Paraguay,Female,VP Quality Control
Steve,China,Male,Software Test Engineer II
Joseph,Canada,Male,Operator
Stephen,Netherlands,Male,Marketing Manager
Robert,China,Male,Accountant IV
Amanda,Portugal,Female,Accounting Assistant IV
Howard,China,Male,Financial Advisor
Mary,Czech Republic,Female,Food Chemist
Henry,China,Male,Associate Professor
Juan,Spain,Male,Compensation Analyst
Jacqueline,Thailand,Female,Senior Sales Associate
Robin,Indonesia,Female,Paralegal
Tammy,Pakistan,Female,Structural Analysis Engineer
Roy,Brazil,Male,Registered Nurse
Kenneth,Russia,Male,Director of Sales
Carolyn,France,Female,Business Systems Development Analyst
Nicholas,Colombia,Male,Account Coordinator
Donna,Sweden,Female,Electrical Engineer
Helen,Greece,Female,Accountant III
Matthew,Brazil,Male,Payment Adjustment Coordinator
Brenda,Philippines,Female,Environmental Tech
Antonio,Russia,Male,Administrative Assistant I
Jessica,China,Female,Marketing Manager
Tammy,Azerbaijan,Female,VP Quality Control
Beverly,Brazil,Female,Technical Writer
Frances,Serbia,Female,Structural Engineer
Earl,China,Male,Systems Administrator III
Linda,Russia,Female,Assistant Professor
Jose,France,Male,Paralegal
Patrick,Indonesia,Male,Office Assistant II
Patricia,United States,Female,Help Desk Technician
Tammy,Sweden,Female,Chief Design Engineer
Shawn,Iran,Male,Sales Representative
Peter,Russia,Male,Paralegal
Sara,Portugal,Female,Software Consultant
Adam,Cameroon,Male,Geological Engineer
Ashley,Egypt,Female,Media Manager I
Jeremy,Peru,Male,Automation Specialist I
Kathleen,Greece,Female,Junior Executive
Douglas,Philippines,Male,Dental Hygienist
Rebecca,Netherlands,Female,Staff Scientist
Jimmy,Indonesia,Male,GIS Technical Architect
Russell,Bosnia and Herzegovina,Male,Safety Technician II
Diana,China,Female,GIS Technical Architect
Stephanie,Indonesia,Female,Web Designer III
Amanda,Philippines,Female,Assistant Manager
Diana,France,Female,Electrical Engineer
Thomas,Panama,Male,Programmer III
Heather,Latvia,Female,Computer Systems Analyst III
Lawrence,Albania,Male,Chemical Engineer
Donald,Canada,Male,Programmer I
Diane,Indonesia,Female,VP Sales
Janice,China,Female,VP Quality Control
Billy,China,Male,Developer I
Pamela,France,Female,Sales Representative
Larry,Netherlands,Male,Data Coordiator
Paula,Mongolia,Female,Electrical Engineer
Scott,Indonesia,Male,Internal Auditor
Jeffrey,Philippines,Male,Design Engineer
Diane,North Korea,Female,Staff Accountant III
Earl,Canada,Male,Operator
Scott,China,Male,Research Associate
Frank,Russia,Male,Software Engineer IV
Lillian,China,Female,Budget/Accounting Analyst III
William,Portugal,Male,Environmental Specialist
Jerry,Mexico,Male,Geologist II
Alan,Brazil,Male,Assistant Professor
Willie,China,Male,Chemical Engineer
David,France,Male,Design Engineer
Teresa,China,Female,Senior Developer
Elizabeth,Somalia,Female,Senior Sales Associate
John,Indonesia,Male,Occupational Therapist
William,Egypt,Male,Programmer Analyst II
Norma,Sweden,Female,Nurse Practicioner
Ralph,China,Male,Analyst Programmer
Julia,China,Female,Computer Systems Analyst IV
Ann,Indonesia,Female,Senior Cost Accountant
Nancy,China,Female,Technical Writer
Charles,South Africa,Male,Compensation Analyst
Louis,France,Male,Account Coordinator
Julia,Slovenia,Female,Chief Design Engineer
Amy,France,Female,VP Sales
Annie,Philippines,Female,GIS Technical Architect
Melissa,Ireland,Female,Staff Accountant IV
Thomas,France,Male,Business Systems Development Analyst
Wanda,Poland,Female,Technical Writer
Betty,Guatemala,Female,Sales Associate
Lois,Philippines,Female,VP Quality Control
Jacqueline,China,Female,Environmental Tech
George,Philippines,Male,Safety Technician III
Steven,Armenia,Male,Marketing Manager
Paula,Czech Republic,Female,Analog Circuit Design manager
Daniel,China,Male,Structural Engineer
Lois,Spain,Female,Web Developer II
Rose,Argentina,Female,Account Representative III
Gerald,Malaysia,Male,Financial Analyst
Andrea,Martinique,Female,Project Manager
Adam,Albania,Male,Research Assistant II
Beverly,China,Female,Media Manager II
George,China,Male,Web Designer II
Frank,China,Male,Executive Secretary
Matthew,Jamaica,Male,Safety Technician II
Scott,China,Male,Software Test Engineer IV
Willie,Estonia,Male,Budget/Accounting Analyst I
Phillip,China,Male,Automation Specialist III
Keith,Colombia,Male,Operator
Howard,Armenia,Male,Librarian
Julia,Russia,Female,Editor
Willie,China,Male,Programmer I
Craig,China,Male,General Manager
William,China,Male,Tax Accountant
Jane,Greece,Female,Assistant Professor
Laura,Argentina,Female,Senior Sales Associate
Matthew,Portugal,Male,Food Chemist
Emily,Barbados,Female,Teacher
Marilyn,China,Female,Account Executive
Carl,China,Male,Quality Engineer
Helen,Yemen,Female,Quality Control Specialist
Kathryn,Russia,Female,Assistant Media Planner
Gloria,Sweden,Female,VP Sales
Ernest,Indonesia,Male,Help Desk Technician
Willie,Indonesia,Male,Compensation Analyst
Beverly,Argentina,Female,Environmental Specialist
Anne,China,Female,Librarian
Kimberly,China,Female,Human Resources Manager
Daniel,Azerbaijan,Male,Design Engineer
Angela,United States,Female,Office Assistant I
Lawrence,Hungary,Male,Senior Cost Accountant
Margaret,China,Female,Database Administrator III
Paul,Honduras,Male,Staff Scientist
Shirley,South Korea,Female,Design Engineer
Louis,Greece,Male,Human Resources Assistant II
Paula,Japan,Female,Environmental Tech
Steven,Sweden,Male,Research Assistant I
Sara,Kenya,Female,Staff Scientist
Michelle,China,Female,Programmer Analyst IV
Martin,Thailand,Male,Occupational Therapist
Earl,Colombia,Male,Statistician II
Roy,Brazil,Male,Senior Cost Accountant
Ashley,Peru,Female,Editor
Paula,Honduras,Female,VP Sales
Elizabeth,Indonesia,Female,Staff Accountant III
Frank,Switzerland,Male,Structural Analysis Engineer
Walter,Indonesia,Male,Sales Associate
Emily,Indonesia,Female,Nurse Practicioner
Ryan,China,Male,Occupational Therapist
Kathy,Czech Republic,Female,Dental Hygienist
Randy,Czech Republic,Male,Environmental Specialist
Anthony,Philippines,Male,Human Resources Assistant II
Kenneth,Russia,Male,Chemical Engineer
Lisa,Philippines,Female,Product Engineer
Keith,Bangladesh,Male,Speech Pathologist
Juan,Ukraine,Male,Accounting Assistant I
Donald,Sweden,Male,Accountant II
Lisa,Indonesia,Female,Paralegal
Carolyn,Portugal,Female,Structural Analysis Engineer
Benjamin,Portugal,Male,Database Administrator II
Nicole,Ghana,Female,Developer III
Steven,China,Male,Director of Sales
Juan,Indonesia,Male,Physical Therapy Assistant
Robin,Indonesia,Female,Nuclear Power Engineer
Mildred,Greece,Female,Web Designer II
Craig,Philippines,Male,Account Coordinator
Brandon,Afghanistan,Male,Office Assistant I
Julie,Portugal,Female,Business Systems Development Analyst
Kenneth,United States,Male,Dental Hygienist
Walter,China,Male,Pharmacist
Theresa,Dominican Republic,Female,Safety Technician II
Doris,China,Female,Human Resources Assistant IV
Marie,Czech Republic,Female,Assistant Professor
Jessica,Indonesia,Female,Account Representative III
Phyllis,China,Female,Paralegal
Robin,Thailand,Female,Information Systems Manager
Matthew,China,Male,Environmental Tech
Brandon,Syria,Male,Financial Analyst
Robin,Sweden,Female,GIS Technical Architect
Eugene,Indonesia,Male,Research Assistant II
Andrea,Malaysia,Female,Assistant Manager
Sean,Indonesia,Male,Analog Circuit Design manager
Anthony,Indonesia,Male,Technical Writer
Gregory,Czech Republic,Male,Associate Professor
Craig,Russia,Male,Account Representative III
Patrick,Nigeria,Male,Mechanical Systems Engineer
Rose,Indonesia,Female,Systems Administrator IV
Margaret,Argentina,Female,Civil Engineer
Carol,Indonesia,Female,Media Manager I
Karen,Kenya,Female,Actuary
Gerald,Mexico,Male,Structural Analysis Engineer
Jane,Spain,Female,Help Desk Technician
Marilyn,Sweden,Female,Editor
Elizabeth,Ukraine,Female,Statistician IV
Lillian,Indonesia,Female,Administrative Assistant IV
Mark,China,Male,Desktop Support Technician
Lawrence,Portugal,Male,Operator
Ryan,South Africa,Male,Software Test Engineer III
Craig,Norway,Male,Administrative Assistant I
Marilyn,Poland,Female,Software Engineer I
Brenda,Indonesia,Female,VP Accounting
Daniel,Argentina,Male,Geological Engineer
Carolyn,Thailand,Female,Help Desk Operator
Tammy,South Korea,Female,Human Resources Assistant IV
Dorothy,Indonesia,Female,Administrative Assistant I
Joyce,Indonesia,Female,VP Marketing
Angela,Russia,Female,Sales Associate
Cynthia,Indonesia,Female,Assistant Media Planner
Howard,Pakistan,Male,Librarian
Gary,Indonesia,Male,VP Quality Control
Katherine,Botswana,Female,Structural Engineer
Russell,Indonesia,Male,Nurse Practicioner
Jerry,Sweden,Male,Nurse Practicioner
Juan,Portugal,Male,Human Resources Assistant I
Denise,Japan,Female,Software Test Engineer I
Larry,France,Male,Financial Analyst
Janice,Colombia,Female,Actuary
Judy,Samoa,Female,Senior Developer
Nancy,Indonesia,Female,Nurse
Eugene,Argentina,Male,Programmer Analyst I
Marilyn,Poland,Female,Nuclear Power Engineer
Phyllis,Nigeria,Female,Clinical Specialist
Andrea,Colombia,Female,Compensation Analyst
Laura,Indonesia,Female,Computer Systems Analyst III
Tammy,China,Female,Accounting Assistant II
